{
  "family": "node-express-devops-sample",
  "networkMode": "awsvpc",
  "cpu": "256",
  "memory": "512",
  "requiresCompatibilities": [
    "FARGATE"
  ],
  "executionRoleArn": "REPLACE_WITH_EXECUTION_ROLE_ARN",
  "taskRoleArn": "REPLACE_WITH_TASK_ROLE_ARN",
  "containerDefinitions": [
    {
      "name": "app",
      "image": "public.ecr.aws/amazonlinux/amazonlinux:latest",
      "portMappings": [
        {
          "containerPort": 3000,
          "protocol": "tcp"
        }
      ],
      "essential": true,
      "environment": [
        {
          "name": "NODE_ENV",
          "value": "production"
        }
      ],
      "command": [
        "node",
        "src/index.js"
      ],
      "workingDirectory": "/app",
      "logConfiguration": {
        "logDriver": "awslogs",
        "options": {
          "awslogs-group": "/ecs/node-express-devops-sample",
          "awslogs-region": "us-east-1",
          "awslogs-stream-prefix": "ecs"
        }
      },
      "healthCheck": {
        "command": [
          "CMD-SHELL",
          "curl -f http://localhost:3000/health || exit 1"
        ],
        "interval": 30,
        "timeout": 5,
        "retries": 3,
        "startPeriod": 10
      }
    }
  ]
}